{
    "loss": 0.9136128425598145,
    "accuracy": 0.6615755558013916
}