{
    "loss": 0.6667795181274414,
    "accuracy": 0.7926045060157776
}