{
    "loss": 0.7806726694107056,
    "accuracy": 0.7033762335777283
}